{
	"__comment":"Designed by GeForceLegend",
	"parent":"item/display_generated",
	"textures":{
		"particle":"item/compass_back",
		"back":"item/compass_back",
		"front":"item/compass_front",
		"layer0":"item/compass_16"
	},
	"elements":[
		{
			"from":[5,2,7.5],
			"to":[11,6,8.5],
			"faces":{
				"east":{"uv":[10,9.9922,11,14.0078],"texture":"#front"},
				"south":{"uv":[5,10,11,14],"texture":"#front"},
				"west":{"uv":[5,9.9922,6,14.0078],"texture":"#front"},
				"up":{"uv":[5,10,11,11],"texture":"#front"},
				"down":{"uv":[5,13,11,14],"texture":"#front"}
			}
		},
		{
			"from":[3,3,7.5],
			"to":[5,7,8.5],
			"faces":{
				"east":{"uv":[4,8.9922,5,13.0078],"texture":"#front"},
				"south":{"uv":[3,9,5,13],"texture":"#front"},
				"west":{"uv":[3,8.9922,4,13.0078],"texture":"#front"},
				"up":{"uv":[3,9,5,10],"texture":"#front"},
				"down":{"uv":[3,12,5,13],"texture":"#front"}
			}
		},
		{
			"from":[11,3,7.5],
			"to":[13,7,8.5],
			"faces":{
				"east":{"uv":[12,8.9922,13,13.0078],"texture":"#front"},
				"south":{"uv":[11,9,13,13],"texture":"#front"},
				"west":{"uv":[11,8.9922,12,13.0078],"texture":"#front"},
				"up":{"uv":[11,9,13,10],"texture":"#front"},
				"down":{"uv":[11,12,13,13],"texture":"#front"}
			}
		},
		{
			"from":[2,4,7.5],
			"to":[3,8,8.5],
			"faces":{
				"east":{"uv":[2,7.9922,3,12.0078],"texture":"#front"},
				"south":{"uv":[2,8,3,12],"texture":"#front"},
				"west":{"uv":[2,7.9922,3,12.0078],"texture":"#front"},
				"up":{"uv":[2,8,3,9],"texture":"#front"},
				"down":{"uv":[2,11,3,12],"texture":"#front"}
			}
		},
		{
			"from":[13,4,7.5],
			"to":[14,8,8.5],
			"faces":{
				"east":{"uv":[2,7.9922,3,12.0078],"texture":"#front"},
				"south":{"uv":[2,8,3,12],"texture":"#front"},
				"west":{"uv":[2,7.9922,3,12.0078],"texture":"#front"},
				"up":{"uv":[2,8,3,9],"texture":"#front"},
				"down":{"uv":[2,11,3,12],"texture":"#front"}
			}
		},
		{
			"from":[1,5,7.5],
			"to":[2,11,8.5],
			"faces":{
				"east":{"uv":[1,5,2,11],"texture":"#front"},
				"south":{"uv":[1,5,2,11],"texture":"#front"},
				"west":{"uv":[1,5,2,11],"texture":"#front"},
				"up":{"uv":[1,5,2,6],"texture":"#front"},
				"down":{"uv":[1,10,2,11],"texture":"#front"}
			}
		},
		{
			"from":[14,5,7.5],
			"to":[15,11,8.5],
			"faces":{
				"east":{"uv":[14,5,15,11],"texture":"#front"},
				"south":{"uv":[14,5,15,11],"texture":"#front"},
				"west":{"uv":[14,5,15,11],"texture":"#front"},
				"up":{"uv":[14,5,15,6],"texture":"#front"},
				"down":{"uv":[14,10,15,11],"texture":"#front"}
			}
		},
		{
			"from":[2,10,7.5],
			"to":[3,12,8.5],
			"faces":{
				"east":{"uv":[2,4,3,6],"texture":"#front"},
				"south":{"uv":[2,4,3,6],"texture":"#front"},
				"west":{"uv":[2,4,3,6],"texture":"#front"},
				"up":{"uv":[2,4,3,5],"texture":"#front"},
				"down":{"uv":[2,5,3,6],"texture":"#front"}
			}
		},
		{
			"from":[13,10,7.5],
			"to":[14,12,8.5],
			"faces":{
				"east":{"uv":[13,4,14,6],"texture":"#front"},
				"south":{"uv":[13,4,14,6],"texture":"#front"},
				"west":{"uv":[13,4,14,6],"texture":"#front"},
				"up":{"uv":[13,4,14,5],"texture":"#front"},
				"down":{"uv":[13,5,14,6],"texture":"#front"}
			}
		},
		{
			"from":[3,11,7.5],
			"to":[5,13,8.5],
			"faces":{
				"east":{"uv":[4,3,5,5],"texture":"#front"},
				"south":{"uv":[3,3,5,5],"texture":"#front"},
				"west":{"uv":[3,3,4,5],"texture":"#front"},
				"up":{"uv":[3,3,5,4],"texture":"#front"},
				"down":{"uv":[3,4,5,5],"texture":"#front"}
			}
		},
		{
			"from":[11,11,7.5],
			"to":[13,13,8.5],
			"faces":{
				"east":{"uv":[12,3,13,5],"texture":"#front"},
				"south":{"uv":[11,3,13,5],"texture":"#front"},
				"west":{"uv":[11,3,12,5],"texture":"#front"},
				"up":{"uv":[11,3,13,4],"texture":"#front"},
				"down":{"uv":[11,4,13,5],"texture":"#front"}
			}
		},
		{
			"from":[5,12,7.5],
			"to":[11,14,8.5],
			"faces":{
				"east":{"uv":[10,2,11,4],"texture":"#front"},
				"south":{"uv":[5,2,11,4],"texture":"#front"},
				"west":{"uv":[5,2,6,4],"texture":"#front"},
				"up":{"uv":[5,2,11,3],"texture":"#front"},
				"down":{"uv":[5,3,11,4],"texture":"#front"}
			}
		},
		{
			"from":[1,2,7.5],
			"to":[15,14,8],
			"faces":{
				"north":{"uv":[15,2,1,14],"texture":"#back"},
				"south":{"uv":[1.5,2,15.5,14],"texture":"#layer0"}
			}
		}
	],
	"overrides":[
		{"predicate":{"angle":0.000000},"model":"item/compass"},
		{"predicate":{"angle":0.015625},"model":"item/compass_17"},
		{"predicate":{"angle":0.046875},"model":"item/compass_18"},
		{"predicate":{"angle":0.078125},"model":"item/compass_19"},
		{"predicate":{"angle":0.109375},"model":"item/compass_20"},
		{"predicate":{"angle":0.140625},"model":"item/compass_21"},
		{"predicate":{"angle":0.171875},"model":"item/compass_22"},
		{"predicate":{"angle":0.203125},"model":"item/compass_23"},
		{"predicate":{"angle":0.234375},"model":"item/compass_24"},
		{"predicate":{"angle":0.265625},"model":"item/compass_25"},
		{"predicate":{"angle":0.296875},"model":"item/compass_26"},
		{"predicate":{"angle":0.328125},"model":"item/compass_27"},
		{"predicate":{"angle":0.359375},"model":"item/compass_28"},
		{"predicate":{"angle":0.390625},"model":"item/compass_29"},
		{"predicate":{"angle":0.421875},"model":"item/compass_30"},
		{"predicate":{"angle":0.453125},"model":"item/compass_31"},
		{"predicate":{"angle":0.484375},"model":"item/compass_00"},
		{"predicate":{"angle":0.515625},"model":"item/compass_01"},
		{"predicate":{"angle":0.546875},"model":"item/compass_02"},
		{"predicate":{"angle":0.578125},"model":"item/compass_03"},
		{"predicate":{"angle":0.609375},"model":"item/compass_04"},
		{"predicate":{"angle":0.640625},"model":"item/compass_05"},
		{"predicate":{"angle":0.671875},"model":"item/compass_06"},
		{"predicate":{"angle":0.703125},"model":"item/compass_07"},
		{"predicate":{"angle":0.734375},"model":"item/compass_08"},
		{"predicate":{"angle":0.765625},"model":"item/compass_09"},
		{"predicate":{"angle":0.796875},"model":"item/compass_10"},
		{"predicate":{"angle":0.828125},"model":"item/compass_11"},
		{"predicate":{"angle":0.859375},"model":"item/compass_12"},
		{"predicate":{"angle":0.890625},"model":"item/compass_13"},
		{"predicate":{"angle":0.921875},"model":"item/compass_14"},
		{"predicate":{"angle":0.953125},"model":"item/compass_15"},
		{"predicate":{"angle":0.984375},"model":"item/compass"}
	]
}